CREATE DATABASE  IF NOT EXISTS `biblioteca` /*!40100 DEFAULT CHARACTER SET utf8mb4 COLLATE utf8mb4_0900_ai_ci */ /*!80016 DEFAULT ENCRYPTION='N' */;
USE `biblioteca`;
-- MySQL dump 10.13  Distrib 8.0.41, for Win64 (x86_64)
--
-- Host: localhost    Database: biblioteca
-- ------------------------------------------------------
-- Server version	8.0.41

/*!40101 SET @OLD_CHARACTER_SET_CLIENT=@@CHARACTER_SET_CLIENT */;
/*!40101 SET @OLD_CHARACTER_SET_RESULTS=@@CHARACTER_SET_RESULTS */;
/*!40101 SET @OLD_COLLATION_CONNECTION=@@COLLATION_CONNECTION */;
/*!50503 SET NAMES utf8 */;
/*!40103 SET @OLD_TIME_ZONE=@@TIME_ZONE */;
/*!40103 SET TIME_ZONE='+00:00' */;
/*!40014 SET @OLD_UNIQUE_CHECKS=@@UNIQUE_CHECKS, UNIQUE_CHECKS=0 */;
/*!40014 SET @OLD_FOREIGN_KEY_CHECKS=@@FOREIGN_KEY_CHECKS, FOREIGN_KEY_CHECKS=0 */;
/*!40101 SET @OLD_SQL_MODE=@@SQL_MODE, SQL_MODE='NO_AUTO_VALUE_ON_ZERO' */;
/*!40111 SET @OLD_SQL_NOTES=@@SQL_NOTES, SQL_NOTES=0 */;

--
-- Table structure for table `editoriales`
--

DROP TABLE IF EXISTS `editoriales`;
/*!40101 SET @saved_cs_client     = @@character_set_client */;
/*!50503 SET character_set_client = utf8mb4 */;
CREATE TABLE `editoriales` (
  `id_editorial` int NOT NULL AUTO_INCREMENT,
  `nombre_editorial` varchar(100) NOT NULL,
  `id_poblacion` int NOT NULL,
  PRIMARY KEY (`id_editorial`)
) ENGINE=InnoDB AUTO_INCREMENT=8 DEFAULT CHARSET=utf8mb4 COLLATE=utf8mb4_0900_ai_ci;
/*!40101 SET character_set_client = @saved_cs_client */;

--
-- Dumping data for table `editoriales`
--

LOCK TABLES `editoriales` WRITE;
/*!40000 ALTER TABLE `editoriales` DISABLE KEYS */;
INSERT INTO `editoriales` VALUES (1,'Tusquets',1),(2,'Anaya  Multimedia',2),(3,'Catedra',2),(4,'Alianza',2);
/*!40000 ALTER TABLE `editoriales` ENABLE KEYS */;
UNLOCK TABLES;

--
-- Table structure for table `libros`
--

DROP TABLE IF EXISTS `libros`;
/*!40101 SET @saved_cs_client     = @@character_set_client */;
/*!50503 SET character_set_client = utf8mb4 */;
CREATE TABLE `libros` (
  `id_libro` int NOT NULL AUTO_INCREMENT,
  `titulo` varchar(100) NOT NULL,
  `autor_nombre` varchar(50) NOT NULL,
  `autor_apellido` varchar(100) DEFAULT NULL,
  `year_edition` year DEFAULT NULL,
  `ejemplares` smallint unsigned DEFAULT NULL,
  `fecha_incorporacion` timestamp NULL DEFAULT CURRENT_TIMESTAMP,
  `genero` varchar(20) NOT NULL,
  `id_editorial` int NOT NULL,
  PRIMARY KEY (`id_libro`)
) ENGINE=InnoDB AUTO_INCREMENT=8 DEFAULT CHARSET=utf8mb4 COLLATE=utf8mb4_0900_ai_ci;
/*!40101 SET character_set_client = @saved_cs_client */;

--
-- Dumping data for table `libros`
--

LOCK TABLES `libros` WRITE;
/*!40000 ALTER TABLE `libros` DISABLE KEYS */;
INSERT INTO `libros` VALUES (1,'Cien años de soledad','Gabriel','García Marquez',1990,3,'2025-04-09 06:58:55','ficción',1),(2,'El coronel no tiene quien le escriba','Gabriel','García Marquez',1995,2,'2025-04-09 07:04:39','ficción',1),(3,'Python','Guido','Van Rossum',2024,4,'2025-04-09 07:09:07','programación',2),(4,'La Odisea','Homero',NULL,2024,2,'2025-04-09 07:11:01','ficción',3),(5,'El arte clásico','Mary','Beard',2020,5,'2025-04-09 09:28:26','arte',3),(6,'El arte moderno','Giulio Claudio','Argan',1980,2,'2025-04-09 09:28:26','arte',1),(7,'Historia de Roma','Enrico','Montanelli',1985,8,'2025-04-09 09:28:26','historia',4);
/*!40000 ALTER TABLE `libros` ENABLE KEYS */;
UNLOCK TABLES;

--
-- Table structure for table `poblaciones`
--

DROP TABLE IF EXISTS `poblaciones`;
/*!40101 SET @saved_cs_client     = @@character_set_client */;
/*!50503 SET character_set_client = utf8mb4 */;
CREATE TABLE `poblaciones` (
  `id_poblacion` int NOT NULL AUTO_INCREMENT,
  `poblacion` varchar(50) NOT NULL,
  PRIMARY KEY (`id_poblacion`)
) ENGINE=InnoDB AUTO_INCREMENT=3 DEFAULT CHARSET=utf8mb4 COLLATE=utf8mb4_0900_ai_ci;
/*!40101 SET character_set_client = @saved_cs_client */;

--
-- Dumping data for table `poblaciones`
--

LOCK TABLES `poblaciones` WRITE;
/*!40000 ALTER TABLE `poblaciones` DISABLE KEYS */;
INSERT INTO `poblaciones` VALUES (1,'Barcelona'),(2,'Madrid');
/*!40000 ALTER TABLE `poblaciones` ENABLE KEYS */;
UNLOCK TABLES;
/*!40103 SET TIME_ZONE=@OLD_TIME_ZONE */;

/*!40101 SET SQL_MODE=@OLD_SQL_MODE */;
/*!40014 SET FOREIGN_KEY_CHECKS=@OLD_FOREIGN_KEY_CHECKS */;
/*!40014 SET UNIQUE_CHECKS=@OLD_UNIQUE_CHECKS */;
/*!40101 SET CHARACTER_SET_CLIENT=@OLD_CHARACTER_SET_CLIENT */;
/*!40101 SET CHARACTER_SET_RESULTS=@OLD_CHARACTER_SET_RESULTS */;
/*!40101 SET COLLATION_CONNECTION=@OLD_COLLATION_CONNECTION */;
/*!40111 SET SQL_NOTES=@OLD_SQL_NOTES */;

-- Dump completed on 2025-04-11  8:39:54
